{"fov_x": 55.26953217881176, "fov_y": 42.97919416364243, "intrinsics": [[0.9549999833106995, 0.0, 0.5053125023841858], [0.0, 1.2699999809265137, 0.5102083086967468], [0.0, 0.0, 1.0]]}