{"fov_x": 84.39236255438433, "fov_y": 62.32141904399936, "intrinsics": [[0.5514970421791077, 0.0, 0.5021225214004517], [0.0, 0.8268772959709167, 0.49722933769226074], [0.0, 0.0, 1.0]]}