{"fov_x": 80.44829713891716, "fov_y": 27.514597448695966, "intrinsics": [[0.5911644697189331, 0.0, 0.4993361830711365], [0.0, 2.0422046184539795, 0.4579991400241852], [0.0, 0.0, 1.0]]}