{"fov_x": 84.5829453227952, "fov_y": 62.481935319683835, "intrinsics": [[0.5496571660041809, 0.0, 0.5025060176849365], [0.0, 0.8242674469947815, 0.4982910752296448], [0.0, 0.0, 1.0]]}