{"fov_x": 42.35999994934034, "fov_y": 32.39999953557431, "intrinsics": [[1.2904127836227417, 0.0, 0.5], [0.0, 1.7210112810134888, 0.5], [0.0, 0.0, 1.0]]}