{"fov_x": 47.85613364613913, "fov_y": 31.14567969073107, "intrinsics": [[1.1268235445022583, 0.0, 0.479608416557312], [0.0, 1.7940818071365356, 0.5069546103477478], [0.0, 0.0, 1.0]]}