{"fov_x": 54.138855833418674, "fov_y": 42.03439458632208, "intrinsics": [[0.9783726334571838, 0.0, 0.5654740929603577], [0.0, 1.3013768196105957, 0.4954330623149872], [0.0, 0.0, 1.0]]}